primary,secondary,third,sum
Rikets styrelse,,,"12,413,383"
Rikets styrelse,Statschefen,,"127,522"
Rikets styrelse,Statschefen,Kungliga hov- och slottsstaten,"127,522"
Rikets styrelse,Riksdagen samt JO m.m.,,"1,733,758"
Rikets styrelse,Riksdagen samt JO m.m.,Riksdagens ledamöter och partier m.m.,"851,870"
Rikets styrelse,Riksdagen samt JO m.m.,Riksdagens förvaltningsanslag,"705,646"
Rikets styrelse,Riksdagen samt JO m.m.,Riksdagens fastighetsanslag,"90,000"
Rikets styrelse,Riksdagen samt JO m.m.,Riksdagens ombudsmän (JO),"86,242"
Rikets styrelse,Sametinget,,"40,511"
Rikets styrelse,Sametinget,Sametinget,"40,511"
Rikets styrelse,Regeringskansliet m.m.,,"6,885,671"
Rikets styrelse,Regeringskansliet m.m.,Regeringskansliet m.m.,"6,885,671"
Rikets styrelse,Länsstyrelserna,,"2,561,405"
Rikets styrelse,Länsstyrelserna,Länsstyrelserna m.m.,"2,561,405"
Rikets styrelse,Demokratipolitik,,"327,835"
Rikets styrelse,Demokratipolitik,Allmänna val och demokrati,"52,340"
Rikets styrelse,Demokratipolitik,Justitiekanslern,"39,923"
Rikets styrelse,Demokratipolitik,Datainspektionen,"44,033"
Rikets styrelse,Demokratipolitik,Svensk författningssamling,"1,300"
Rikets styrelse,Demokratipolitik,Valmyndigheten,"19,039"
Rikets styrelse,Demokratipolitik,Stöd till politiska partier,"171,200"
Rikets styrelse,Nationella minoriteter,,"119,417"
Rikets styrelse,Nationella minoriteter,Åtgärder för nationella minoriteter,"102,917"
Rikets styrelse,Nationella minoriteter,Åtgärder för den nationella minoriteten romer,"16,500"
Rikets styrelse,Mediefrågor,,"599,776"
Rikets styrelse,Mediefrågor,Presstödsnämnden,"6,842"
Rikets styrelse,Mediefrågor,Presstöd,"567,119"
Rikets styrelse,Mediefrågor,Myndigheten för radio och tv,"25,815"
Rikets styrelse,Sieps samt EU-information,,"17,488"
Rikets styrelse,Sieps samt EU-information,Svenska institutet för europapolitiska studier samt EU-information,"17,488"
Samhällsekonomi och finansförvaltning,,,"14,589,790"
Samhällsekonomi och finansförvaltning,,Statskontoret,"88,429"
Samhällsekonomi och finansförvaltning,,Kammarkollegiet,"54,459"
Samhällsekonomi och finansförvaltning,,Finansinspektionens avgifter till EU:s tillsynsmyndigheter,"7,150"
Samhällsekonomi och finansförvaltning,,Arbetsgivarpolitiska frågor,"2,443"
Samhällsekonomi och finansförvaltning,,Statliga tjänstepensioner m.m.,"12,221,000"
Samhällsekonomi och finansförvaltning,,Finanspolitiska rådet,"9,547"
Samhällsekonomi och finansförvaltning,,Konjunkturinstitutet,"59,918"
Samhällsekonomi och finansförvaltning,,Ekonomistyrningsverket,"158,422"
Samhällsekonomi och finansförvaltning,,Statistiska centralbyrån,"545,442"
Samhällsekonomi och finansförvaltning,,Bidragsfastigheter,"339,500"
Samhällsekonomi och finansförvaltning,,Finansinspektionen,"452,507"
Samhällsekonomi och finansförvaltning,,Riksgäldskontoret,"304,474"
Samhällsekonomi och finansförvaltning,,Bokföringsnämnden,"9,683"
Samhällsekonomi och finansförvaltning,,Vissa garanti- och medlemsavgifter,"2,370"
Samhällsekonomi och finansförvaltning,,Riksrevisionen,"314,446"
Samhällsekonomi och finansförvaltning,,Finansmarknadsforskning,"20,000"
"Skatt, tull och exekution",,,"10,580,976"
"Skatt, tull och exekution",,Skatteverket,"7,091,609"
"Skatt, tull och exekution",,Kronofogdemyndigheten,"1,807,030"
"Skatt, tull och exekution",,Tullverket,"1,682,337"
Rättsväsendet,,,"40,757,864"
Rättsväsendet,,Polisorganisationen,"21,159,726"
Rättsväsendet,,Säkerhetspolisen,"1,142,065"
Rättsväsendet,,Åklagarmyndigheten,"1,396,032"
Rättsväsendet,,Ekobrottsmyndigheten,"609,267"
Rättsväsendet,,Sveriges Domstolar,"5,370,755"
Rättsväsendet,,Kriminalvården,"7,884,483"
Rättsväsendet,,Brottsförebyggande rådet,"97,107"
Rättsväsendet,,Rättsmedicinalverket,"371,005"
Rättsväsendet,,Gentekniknämnden,"5,287"
Rättsväsendet,,Brottsoffermyndigheten,"37,519"
Rättsväsendet,,Ersättning för skador på grund av brott,"122,241"
Rättsväsendet,,Rättsliga biträden m.m.,"2,468,657"
Rättsväsendet,,Kostnader för vissa skaderegleringar m.m.,"40,082"
Rättsväsendet,,Avgifter till vissa internationella sammanslutningar,"20,374"
Rättsväsendet,,Bidrag till lokalt brottsförebyggande arbete,"7,157"
Rättsväsendet,,Säkerhets- och integritetsskyddsnämnden,"18,368"
Rättsväsendet,,Domarnämnden,"7,739"
Internationell samverkan,,,"1,899,062"
Internationell samverkan,,Avgifter till internationella organisationer,"1,328,554"
Internationell samverkan,,Freds- och säkerhetsfrämjande verksamhet,"138,287"
Internationell samverkan,,Nordiskt samarbete,"13,595"
Internationell samverkan,,Ekonomiskt bistånd till enskilda utomlands samt diverse kostnader för rättsväsendet,"3,826"
Internationell samverkan,,Inspektionen för strategiska produkter,"30,242"
Internationell samverkan,,"Forskning, utredningar och andra insatser rörande säkerhetspolitik, nedrustning och icke-spridning","44,945"
Internationell samverkan,,Bidrag till Stockholms internationella fredsforskningsinstitut (SIPRI),"24,402"
Internationell samverkan,,Bidrag till Utrikespolitiska institutet (UI),"15,675"
Internationell samverkan,,Svenska institutet,"96,346"
Internationell samverkan,,Information om Sverige i utlandet,"14,475"
Internationell samverkan,,Samarbete inom Östersjöregionen,"188,715"
Försvar och samhällets krisberedskap,,,"48,588,647"
Försvar och samhällets krisberedskap,Försvar,,"44,577,756"
Försvar och samhällets krisberedskap,Försvar,Förbandsverksamhet och beredskap,"24,364,329"
Försvar och samhällets krisberedskap,Försvar,Försvarsmaktens insatser internationellt,"1,878,835"
Försvar och samhällets krisberedskap,Försvar,Anskaffning av materiel och anläggningar,"9,776,522"
Försvar och samhällets krisberedskap,Försvar,"Vidmakthållande, avveckling m.m. av materiel och anläggningar","6,547,158"
Försvar och samhällets krisberedskap,Försvar,Forskning och teknikutveckling,"591,440"
Försvar och samhällets krisberedskap,Försvar,Totalförsvarets rekryteringsmyndighet,"22,808"
Försvar och samhällets krisberedskap,Försvar,Officersutbildning m.m.,"207,795"
Försvar och samhällets krisberedskap,Försvar,Försvarets radioanstalt,"863,999"
Försvar och samhällets krisberedskap,Försvar,Totalförsvarets forskningsinstitut,"169,058"
Försvar och samhällets krisberedskap,Försvar,Nämnder m.m.,"5,801"
Försvar och samhällets krisberedskap,Försvar,"Internationella materielsamarbeten, industrifrågor m.m.","63,618"
Försvar och samhällets krisberedskap,Försvar,Försvarsexportmyndigheten,"65,828"
Försvar och samhällets krisberedskap,Försvar,Försvarsunderrättelsedomstolen,"7,815"
Försvar och samhällets krisberedskap,Försvar,Statens inspektion för försvarsunderrättelseverksamheten,"12,750"
Försvar och samhällets krisberedskap,Samhällets krisberedskap,,"3,595,921"
Försvar och samhällets krisberedskap,Samhällets krisberedskap,Kustbevakningen,"1,040,213"
Försvar och samhällets krisberedskap,Samhällets krisberedskap,Förebyggande åtgärder mot jordskred och andra naturolyckor,"174,850"
Försvar och samhällets krisberedskap,Samhällets krisberedskap,Ersättning för räddningstjänst m.m.,"21,080"
Försvar och samhällets krisberedskap,Samhällets krisberedskap,Krisberedskap,"1,014,373"
Försvar och samhällets krisberedskap,Samhällets krisberedskap,Gemensam radiokommunikation för skydd och säkerhet,"34,000"
Försvar och samhällets krisberedskap,Samhällets krisberedskap,Ersättning till SOS Alarm Sverige AB för alarmeringstjänst enligt avtal,"224,171"
Försvar och samhällets krisberedskap,Samhällets krisberedskap,Myndigheten för samhällsskydd och beredskap,"1,043,555"
Försvar och samhällets krisberedskap,Samhällets krisberedskap,Statens haverikommission,"43,679"
Försvar och samhällets krisberedskap,Strålsäkerhet,,"362,131"
Försvar och samhällets krisberedskap,Strålsäkerhet,Strålsäkerhetsmyndigheten,"362,131"
Försvar och samhällets krisberedskap,Elsäkerhet,,"52,839"
Försvar och samhällets krisberedskap,Elsäkerhet,Elsäkerhetsverket,"52,839"
Internationellt bistånd,,,"30,009,056"
Internationellt bistånd,Internationellt utvecklingssamarbete,,"30,009,056"
Internationellt bistånd,Internationellt utvecklingssamarbete,Biståndsverksamhet,"28,851,579"
Internationellt bistånd,Internationellt utvecklingssamarbete,Styrelsen för internationellt utvecklingssamarbete (Sida),"988,393"
Internationellt bistånd,Internationellt utvecklingssamarbete,Nordiska Afrikainstitutet,"14,353"
Internationellt bistånd,Internationellt utvecklingssamarbete,Folke Bernadotteakademin,"99,651"
Internationellt bistånd,Internationellt utvecklingssamarbete,Riksrevisionen: Internationellt utvecklingssamarbete,"40,000"
Internationellt bistånd,Internationellt utvecklingssamarbete,Utvärdering av internationellt bistånd,"15,080"
Migration,,,"17,433,309"
Migration,,Migrationsverket,"4,539,177"
Migration,,Ersättningar och bostadskostnader,"10,861,115"
Migration,,Migrationspolitiska åtgärder,"420,077"
Migration,,Domstolsprövning i utlänningsmål,"559,541"
Migration,,Rättsliga biträden m.m. vid domstolsprövning i utlänningsmål,"160,800"
Migration,,Offentligt biträde i utlänningsärenden,"382,150"
Migration,,Utresor för avvisade och utvisade,"305,202"
Migration,,Från EU-budgeten finansierade insatser för asylsökande och flyktingar,"205,247"
"Hälsovård, sjukvård och social omsorg",,,"64,441,159"
"Hälsovård, sjukvård och social omsorg",Hälso- och sjukvårdspolitik,,"32,586,827"
"Hälsovård, sjukvård och social omsorg",Hälso- och sjukvårdspolitik,Myndigheten för vårdanalys,"31,825"
"Hälsovård, sjukvård och social omsorg",Hälso- och sjukvårdspolitik,Statens beredning för medicinsk utvärdering,"67,887"
"Hälsovård, sjukvård och social omsorg",Hälso- och sjukvårdspolitik,Tandvårds- och läkemedelsförmånsverket,"132,882"
"Hälsovård, sjukvård och social omsorg",Hälso- och sjukvårdspolitik,Tandvårdsförmåner,"5,785,510"
"Hälsovård, sjukvård och social omsorg",Hälso- och sjukvårdspolitik,Bidrag för läkemedelsförmånerna,"21,160,000"
"Hälsovård, sjukvård och social omsorg",Hälso- och sjukvårdspolitik,Bidrag till folkhälsa och sjukvård,"2,640,704"
"Hälsovård, sjukvård och social omsorg",Hälso- och sjukvårdspolitik,Sjukvård i internationella förhållanden,"611,535"
"Hälsovård, sjukvård och social omsorg",Hälso- och sjukvårdspolitik,Bidrag till psykiatri,"844,893"
"Hälsovård, sjukvård och social omsorg",Hälso- och sjukvårdspolitik,Prestationsbunden vårdgaranti,"1,000,000"
"Hälsovård, sjukvård och social omsorg",Hälso- och sjukvårdspolitik,Bidrag för mänskliga vävnader och celler,"74,000"
"Hälsovård, sjukvård och social omsorg",Hälso- och sjukvårdspolitik,Läkemedelsverket,"123,190"
"Hälsovård, sjukvård och social omsorg",Hälso- och sjukvårdspolitik,E-hälsomyndigheten,"114,401"
"Hälsovård, sjukvård och social omsorg",Folkhälsopolitik,,"636,357"
"Hälsovård, sjukvård och social omsorg",Folkhälsopolitik,Folkhälsomyndigheten,"371,190"
"Hälsovård, sjukvård och social omsorg",Folkhälsopolitik,Insatser för vaccinberedskap,"85,000"
"Hälsovård, sjukvård och social omsorg",Folkhälsopolitik,Bidrag till WHO,"34,665"
"Hälsovård, sjukvård och social omsorg",Folkhälsopolitik,Insatser mot hiv/aids och andra smittsamma sjukdomar,"145,502"
"Hälsovård, sjukvård och social omsorg",Funktionshinderspolitik,,"235,911"
"Hälsovård, sjukvård och social omsorg",Funktionshinderspolitik,Myndigheten för delaktighet,"53,169"
"Hälsovård, sjukvård och social omsorg",Funktionshinderspolitik,Bidrag till handikapporganisationer,"182,742"
"Hälsovård, sjukvård och social omsorg",Politik för sociala tjänster,,"29,020,773"
"Hälsovård, sjukvård och social omsorg",Politik för sociala tjänster,Personligt ombud,"104,460"
"Hälsovård, sjukvård och social omsorg",Politik för sociala tjänster,Vissa statsbidrag inom funktionshindersområdet,"322,554"
"Hälsovård, sjukvård och social omsorg",Politik för sociala tjänster,Bilstöd till personer med funktionsnedsättning,"266,995"
"Hälsovård, sjukvård och social omsorg",Politik för sociala tjänster,Kostnader för statlig assistansersättning,"24,421,000"
"Hälsovård, sjukvård och social omsorg",Politik för sociala tjänster,Stimulansbidrag och åtgärder inom äldrepolitiken,"2,413,180"
"Hälsovård, sjukvård och social omsorg",Politik för sociala tjänster,Statens institutionsstyrelse,"881,816"
"Hälsovård, sjukvård och social omsorg",Politik för sociala tjänster,Bidrag till utveckling av socialt arbete m.m.,"376,215"
"Hälsovård, sjukvård och social omsorg",Politik för sociala tjänster,Ersättning för vanvård i den sociala barn- och ungdomsvården,"180,000"
"Hälsovård, sjukvård och social omsorg",Politik för sociala tjänster,Ersättningsnämnden,"39,315"
"Hälsovård, sjukvård och social omsorg",Politik för sociala tjänster,Myndigheten för internationella adoptionsfrågor,"15,238"
"Hälsovård, sjukvård och social omsorg",Barnrättspolitik,,"57,671"
"Hälsovård, sjukvård och social omsorg",Barnrättspolitik,Barnombudsmannen,"23,910"
"Hälsovård, sjukvård och social omsorg",Barnrättspolitik,Insatser för att förverkliga konventionen om barnets rättigheter i Sverige,"33,761"
"Hälsovård, sjukvård och social omsorg","Alkohol, narkotika, doping, tobak samt spel",,"258,863"
"Hälsovård, sjukvård och social omsorg","Alkohol, narkotika, doping, tobak samt spel",Alkoholsortimentsnämnden,234
"Hälsovård, sjukvård och social omsorg","Alkohol, narkotika, doping, tobak samt spel","Åtgärder avseende alkohol, narkotika, dopning, tobak, samt spel","258,629"
"Hälsovård, sjukvård och social omsorg",Forskningspolitik,,"540,109"
"Hälsovård, sjukvård och social omsorg",Forskningspolitik,"Forskningsrådet för hälsa, arbetsliv och välfärd: Förvaltning","28,735"
"Hälsovård, sjukvård och social omsorg",Forskningspolitik,"Forskningsrådet för hälsa, arbetsliv och välfärd: Forskning","511,374"
"Hälsovård, sjukvård och social omsorg",Socialstyrelsen,,"1,104,648"
"Hälsovård, sjukvård och social omsorg",Socialstyrelsen,Socialstyrelsen,"470,583"
"Hälsovård, sjukvård och social omsorg",Socialstyrelsen,Inspektionen för vård och omsorg,"634,065"
Ekonomisk trygghet vid sjukdom och funktionsnedsättning,,,"101,016,487"
Ekonomisk trygghet vid sjukdom och funktionsnedsättning,,Ersättning vid sjukdom och funktionsnedsättning,"93,072,573"
Ekonomisk trygghet vid sjukdom och funktionsnedsättning,,Ersättning vid sjukdom och funktionsnedsättning,"34,856,700"
Ekonomisk trygghet vid sjukdom och funktionsnedsättning,,Ersättning vid sjukdom och funktionsnedsättning,"50,326,629"
Ekonomisk trygghet vid sjukdom och funktionsnedsättning,,Ersättning vid sjukdom och funktionsnedsättning,"1,351,000"
Ekonomisk trygghet vid sjukdom och funktionsnedsättning,,Ersättning vid sjukdom och funktionsnedsättning,"3,358,000"
Ekonomisk trygghet vid sjukdom och funktionsnedsättning,,Ersättning vid sjukdom och funktionsnedsättning,"38,244"
Ekonomisk trygghet vid sjukdom och funktionsnedsättning,,Ersättning vid sjukdom och funktionsnedsättning,"3,142,000"
Ekonomisk trygghet vid sjukdom och funktionsnedsättning,Myndigheter,,"7,943,914"
Ekonomisk trygghet vid sjukdom och funktionsnedsättning,Myndigheter,Försäkringskassan,"7,879,695"
Ekonomisk trygghet vid sjukdom och funktionsnedsättning,Myndigheter,Inspektionen för socialförsäkringen,"64,219"
Ekonomisk trygghet vid ålderdom,,,"38,166,036"
Ekonomisk trygghet vid ålderdom,Ersättning vid ålderdom,,"37,631,600"
Ekonomisk trygghet vid ålderdom,Ersättning vid ålderdom,Garantipension till ålderspension,"15,878,500"
Ekonomisk trygghet vid ålderdom,Ersättning vid ålderdom,Efterlevandepensioner till vuxna,"12,459,900"
Ekonomisk trygghet vid ålderdom,Ersättning vid ålderdom,Bostadstillägg till pensionärer,"8,488,100"
Ekonomisk trygghet vid ålderdom,Ersättning vid ålderdom,Äldreförsörjningsstöd,"805,100"
Ekonomisk trygghet vid ålderdom,Myndigheter,,"534,436"
Ekonomisk trygghet vid ålderdom,Myndigheter,Pensionsmyndigheten,"534,436"
Ekonomisk trygghet för familjer och barn,,,"83,908,698"
Ekonomisk trygghet för familjer och barn,,Barnbidrag,"25,839,595"
Ekonomisk trygghet för familjer och barn,,Föräldraförsäkring,"39,162,861"
Ekonomisk trygghet för familjer och barn,,Underhållsstöd,"2,689,000"
Ekonomisk trygghet för familjer och barn,,Adoptionsbidrag,"35,784"
Ekonomisk trygghet för familjer och barn,,Barnpension och efterlevandestöd,"904,600"
Ekonomisk trygghet för familjer och barn,,Vårdbidrag för funktionshindrade barn,"3,409,300"
Ekonomisk trygghet för familjer och barn,,Pensionsrätt för barnår,"6,875,558"
Ekonomisk trygghet för familjer och barn,,Bostadsbidrag,"4,992,000"
Integration och jämställdhet,,,"16,807,043"
Integration och jämställdhet,Integration,,"16,463,231"
Integration och jämställdhet,Integration,Integrationsåtgärder,"33,930"
Integration och jämställdhet,Integration,Kommunersättningar vid flyktingmottagande,"9,450,532"
Integration och jämställdhet,Integration,Etableringsersättning till vissa nyanlända invandrare,"4,029,000"
Integration och jämställdhet,Integration,Ersättning till etableringslotsar och insatser för vissa nyanlända invandrare,"2,710,000"
Integration och jämställdhet,Integration,Hemutrustningslån,"217,469"
Integration och jämställdhet,Integration,Från EU-budgeten finansierade insatser för integration av tredjelandsmedborgare,"22,300"
Integration och jämställdhet,Diskriminering,,"136,273"
Integration och jämställdhet,Diskriminering,Diskrimineringsombudsmannen,"97,665"
Integration och jämställdhet,Diskriminering,Åtgärder mot diskriminering och rasism m.m.,"38,608"
Integration och jämställdhet,Jämställdhet,,"207,539"
Integration och jämställdhet,Jämställdhet,Särskilda jämställdhetsåtgärder,"207,539"
Arbetsmarknad och arbetsliv,,,"71,846,204"
Arbetsmarknad och arbetsliv,Arbetsmarknad,,"71,002,469"
Arbetsmarknad och arbetsliv,Arbetsmarknad,Arbetsförmedlingens förvaltningskostnader,"7,649,024"
Arbetsmarknad och arbetsliv,Arbetsmarknad,Bidrag till arbetslöshetsersättning och aktivitetsstöd,"31,583,504"
Arbetsmarknad och arbetsliv,Arbetsmarknad,Kostnader för arbetsmarknadspolitiska program och insatser,"11,476,880"
Arbetsmarknad och arbetsliv,Arbetsmarknad,Lönebidrag och Samhall m.m.,"17,742,136"
Arbetsmarknad och arbetsliv,Arbetsmarknad,Rådet för Europeiska socialfonden i Sverige,"115,064"
Arbetsmarknad och arbetsliv,Arbetsmarknad,Europeiska socialfonden m.m. för perioden 2014-2020,"336,000"
Arbetsmarknad och arbetsliv,Arbetsmarknad,Institutet för arbetsmarknads- och utbildningspolitisk utvärdering,"38,850"
Arbetsmarknad och arbetsliv,Arbetsmarknad,Inspektionen för arbetslöshetsförsäkringen,"63,418"
Arbetsmarknad och arbetsliv,Arbetsmarknad,Bidrag till administration av grundbeloppet,"54,490"
Arbetsmarknad och arbetsliv,Arbetsmarknad,Bidrag till Stiftelsen Utbildning Nordkalotten,"8,303"
Arbetsmarknad och arbetsliv,Arbetsmarknad,Bidrag till lönegarantiersättning,"1,775,000"
Arbetsmarknad och arbetsliv,Arbetsmarknad,Europeiska socialfonden m.m. för perioden 2007-2013,"159,800"
Arbetsmarknad och arbetsliv,Arbetsliv,,"843,735"
Arbetsmarknad och arbetsliv,Arbetsliv,Arbetsmiljöverket,"709,952"
Arbetsmarknad och arbetsliv,Arbetsliv,Arbetsdomstolen,"31,683"
Arbetsmarknad och arbetsliv,Arbetsliv,Internationella arbetsorganisationen (ILO),"32,222"
Arbetsmarknad och arbetsliv,Arbetsliv,Medlingsinstitutet,"57,878"
Arbetsmarknad och arbetsliv,Arbetsliv,Arbetslivspolitik,"12,000"
Studiestöd,,,"21,177,307"
Studiestöd,,Studiehjälp,"3,313,725"
Studiestöd,,Studiemedel,"14,880,700"
Studiestöd,,Avsättning för kreditförluster,"1,809,739"
Studiestöd,,Statens utgifter för studiemedelsräntor,"888,067"
Studiestöd,,Bidrag till kostnader vid viss gymnasieutbildning och vid viss föräldrautbildning i teckenspråk,"61,150"
Studiestöd,,Bidrag till vissa studiesociala ändamål,"27,000"
Studiestöd,,Centrala studiestödsnämnden,"183,164"
Studiestöd,,Överklagandenämnden för studiestöd,"13,762"
Utbildning och universitetsforskning,,,"64,152,606"
Utbildning och universitetsforskning,"Barn-, ungdoms- och vuxenutbildning",,"15,595,469"
Utbildning och universitetsforskning,"Barn-, ungdoms- och vuxenutbildning",Statens skolverk,"472,352"
Utbildning och universitetsforskning,"Barn-, ungdoms- och vuxenutbildning",Statens skolinspektion,"383,665"
Utbildning och universitetsforskning,"Barn-, ungdoms- och vuxenutbildning",Specialpedagogiska skolmyndigheten,"692,932"
Utbildning och universitetsforskning,"Barn-, ungdoms- och vuxenutbildning",Sameskolstyrelsen,"33,984"
Utbildning och universitetsforskning,"Barn-, ungdoms- och vuxenutbildning",Utveckling av skolväsendet och annan pedagogisk verksamhet,"4,393,285"
Utbildning och universitetsforskning,"Barn-, ungdoms- och vuxenutbildning",Särskilda insatser inom skolområdet,"468,358"
Utbildning och universitetsforskning,"Barn-, ungdoms- och vuxenutbildning","Maxtaxa i förskola, fritidshem och annan pedagogisk verksamhet, m.m.","4,103,500"
Utbildning och universitetsforskning,"Barn-, ungdoms- och vuxenutbildning","Bidrag till viss verksamhet inom skolväsendet, m.m.","181,409"
Utbildning och universitetsforskning,"Barn-, ungdoms- och vuxenutbildning",Bidrag till svensk undervisning i utlandet,"92,412"
Utbildning och universitetsforskning,"Barn-, ungdoms- och vuxenutbildning",Fortbildning av lärare och förskolepersonal,"482,226"
Utbildning och universitetsforskning,"Barn-, ungdoms- och vuxenutbildning",Bidrag till vissa studier,"19,525"
Utbildning och universitetsforskning,"Barn-, ungdoms- och vuxenutbildning",Myndigheten för yrkeshögskolan,"102,257"
Utbildning och universitetsforskning,"Barn-, ungdoms- och vuxenutbildning",Statligt stöd till vuxenutbildning,"2,876,654"
Utbildning och universitetsforskning,"Barn-, ungdoms- och vuxenutbildning",Särskilt utbildningsstöd,"154,910"
Utbildning och universitetsforskning,"Barn-, ungdoms- och vuxenutbildning",Fler anställda i lågstadiet,"1,108,000"
Utbildning och universitetsforskning,"Barn-, ungdoms- och vuxenutbildning",Skolforskningsinstitutet,"30,000"
Utbildning och universitetsforskning,Universitet och högskolor,,"40,778,358"
Utbildning och universitetsforskning,Universitet och högskolor,Universitetskanslersämbetet,"136,297"
Utbildning och universitetsforskning,Universitet och högskolor,Universitets- och högskolerådet,"114,889"
Utbildning och universitetsforskning,Universitet och högskolor,Uppsala universitet: Utbildning på grundnivå och avancerad nivå,"1,527,870"
Utbildning och universitetsforskning,Universitet och högskolor,Uppsala universitet: Forskning och utbildning på forskarnivå,"1,983,169"
Utbildning och universitetsforskning,Universitet och högskolor,Lunds universitet: Utbildning på grundnivå och avancerad nivå,"1,843,306"
Utbildning och universitetsforskning,Universitet och högskolor,Lunds universitet: Forskning och utbildning på forskarnivå,"2,040,269"
Utbildning och universitetsforskning,Universitet och högskolor,Göteborgs universitet: Utbildning på grundnivå och avancerad nivå,"1,877,171"
Utbildning och universitetsforskning,Universitet och högskolor,Göteborgs universitet: Forskning och utbildning på forskarnivå,"1,462,769"
Utbildning och universitetsforskning,Universitet och högskolor,Stockholms universitet: Utbildning på grundnivå och avancerad nivå,"1,563,553"
Utbildning och universitetsforskning,Universitet och högskolor,Stockholms universitet: Forskning och utbildning på forskarnivå,"1,530,909"
Utbildning och universitetsforskning,Universitet och högskolor,Umeå universitet: Utbildning på grundnivå och avancerad nivå,"1,233,503"
Utbildning och universitetsforskning,Universitet och högskolor,Umeå universitet: Forskning och utbildning på forskarnivå,"1,042,268"
Utbildning och universitetsforskning,Universitet och högskolor,Linköpings universitet: Utbildning på grundnivå och avancerad nivå,"1,361,677"
Utbildning och universitetsforskning,Universitet och högskolor,Linköpings universitet: Forskning och utbildning på forskarnivå,"805,915"
Utbildning och universitetsforskning,Universitet och högskolor,Karolinska institutet: Utbildning på grundnivå och avancerad nivå,"639,133"
Utbildning och universitetsforskning,Universitet och högskolor,Karolinska institutet: Forskning och utbildning på forskarnivå,"1,470,252"
Utbildning och universitetsforskning,Universitet och högskolor,Kungl. Tekniska högskolan: Utbildning på grundnivå och avancerad nivå,"1,051,529"
Utbildning och universitetsforskning,Universitet och högskolor,Kungl. Tekniska högskolan: Forskning och utbildning på forskarnivå,"1,380,190"
Utbildning och universitetsforskning,Universitet och högskolor,Luleå tekniska universitet: Utbildning på grundnivå och avancerad nivå,"616,592"
Utbildning och universitetsforskning,Universitet och högskolor,Luleå tekniska universitet: Forskning och utbildning på forskarnivå,"355,251"
Utbildning och universitetsforskning,Universitet och högskolor,Karlstads universitet: Utbildning på grundnivå och avancerad nivå,"581,512"
Utbildning och universitetsforskning,Universitet och högskolor,Karlstads universitet: Forskning och utbildning på forskarnivå,"202,405"
Utbildning och universitetsforskning,Universitet och högskolor,Linnéuniversitetet: Utbildning på grundnivå och avancerad nivå,"980,054"
Utbildning och universitetsforskning,Universitet och högskolor,Linnéuniversitetet: Forskning och utbildning på forskarnivå,"285,922"
Utbildning och universitetsforskning,Universitet och högskolor,Örebro universitet: Utbildning på grundnivå och avancerad nivå,"696,534"
Utbildning och universitetsforskning,Universitet och högskolor,Örebro universitet: Forskning och utbildning på forskarnivå,"224,570"
Utbildning och universitetsforskning,Universitet och högskolor,Mittuniversitetet: Utbildning på grundnivå och avancerad nivå,"511,131"
Utbildning och universitetsforskning,Universitet och högskolor,Mittuniversitetet: Forskning och utbildning på forskarnivå,"208,650"
Utbildning och universitetsforskning,Universitet och högskolor,Blekinge tekniska högskola: Utbildning på grundnivå och avancerad nivå,"258,648"
Utbildning och universitetsforskning,Universitet och högskolor,Blekinge tekniska högskola: Forskning och utbildning på forskarnivå,"86,165"
Utbildning och universitetsforskning,Universitet och högskolor,Malmö högskola: Utbildning på grundnivå och avancerad nivå,"811,708"
Utbildning och universitetsforskning,Universitet och högskolor,Malmö högskola: Forskning och utbildning på forskarnivå,"110,870"
Utbildning och universitetsforskning,Universitet och högskolor,Mälardalens högskola: Utbildning på grundnivå och avancerad nivå,"563,812"
Utbildning och universitetsforskning,Universitet och högskolor,Mälardalens högskola: Forskning och utbildning på forskarnivå,"84,561"
Utbildning och universitetsforskning,Universitet och högskolor,Stockholms konstnärliga högskola: Utbildning på grundnivå och avancerad nivå,"191,622"
Utbildning och universitetsforskning,Universitet och högskolor,Stockholms konstnärliga högskola: Konstnärlig forskning och utbildning på forskarnivå,"48,091"
Utbildning och universitetsforskning,Universitet och högskolor,Gymnastik- och idrottshögskolan: Utbildning på grundnivå och avancerad nivå,"89,178"
Utbildning och universitetsforskning,Universitet och högskolor,Gymnastik- och idrottshögskolan: Forskning och utbildning på forskarnivå,"26,054"
Utbildning och universitetsforskning,Universitet och högskolor,Högskolan i Borås: Utbildning på grundnivå och avancerad nivå,"437,059"
Utbildning och universitetsforskning,Universitet och högskolor,Högskolan i Borås: Forskning och utbildning på forskarnivå,"57,626"
Utbildning och universitetsforskning,Universitet och högskolor,Högskolan Dalarna: Utbildning på grundnivå och avancerad nivå,"387,117"
Utbildning och universitetsforskning,Universitet och högskolor,Högskolan Dalarna: Forskning och utbildning på forskarnivå,"55,972"
Utbildning och universitetsforskning,Universitet och högskolor,Högskolan i Gävle: Utbildning på grundnivå och avancerad nivå,"411,850"
Utbildning och universitetsforskning,Universitet och högskolor,Högskolan i Gävle: Forskning och utbildning på forskarnivå,"85,239"
Utbildning och universitetsforskning,Universitet och högskolor,Högskolan i Halmstad: Utbildning på grundnivå och avancerad nivå,"358,336"
Utbildning och universitetsforskning,Universitet och högskolor,Högskolan i Halmstad: Forskning och utbildning på forskarnivå,"56,601"
Utbildning och universitetsforskning,Universitet och högskolor,Högskolan Kristianstad: Utbildning på grundnivå och avancerad nivå,"345,318"
Utbildning och universitetsforskning,Universitet och högskolor,Högskolan Kristianstad: Forskning och utbildning på forskarnivå,"47,412"
Utbildning och universitetsforskning,Universitet och högskolor,Högskolan i Skövde: Utbildning på grundnivå och avancerad nivå,"303,826"
Utbildning och universitetsforskning,Universitet och högskolor,Högskolan i Skövde: Forskning och utbildning på forskarnivå,"41,540"
Utbildning och universitetsforskning,Universitet och högskolor,Högskolan Väst: Utbildning på grundnivå och avancerad nivå,"331,231"
Utbildning och universitetsforskning,Universitet och högskolor,Högskolan Väst: Forskning och utbildning på forskarnivå,"41,080"
Utbildning och universitetsforskning,Universitet och högskolor,Konstfack: Utbildning på grundnivå och avancerad nivå,"152,966"
Utbildning och universitetsforskning,Universitet och högskolor,Konstfack: Konstnärlig forskning och utbildning på forskarnivå,"8,259"
Utbildning och universitetsforskning,Universitet och högskolor,Kungl. Konsthögskolan: Utbildning på grundnivå och avancerad nivå,"60,852"
Utbildning och universitetsforskning,Universitet och högskolor,Kungl. Konsthögskolan: Konstnärlig forskning och utbildning på forskarnivå,"4,944"
Utbildning och universitetsforskning,Universitet och högskolor,Kungl. Musikhögskolan i Stockholm: Utbildning på grundnivå och avancerad nivå,"122,384"
Utbildning och universitetsforskning,Universitet och högskolor,Kungl. Musikhögskolan i Stockholm: Konstnärlig forskning och utbildning på forskarnivå,"8,352"
Utbildning och universitetsforskning,Universitet och högskolor,Södertörns högskola: Utbildning på grundnivå och avancerad nivå,"370,215"
Utbildning och universitetsforskning,Universitet och högskolor,Södertörns högskola: Forskning och utbildning på forskarnivå,"52,911"
Utbildning och universitetsforskning,Universitet och högskolor,Försvarshögskolan: Utbildning på grundnivå och avancerad nivå,"23,731"
Utbildning och universitetsforskning,Universitet och högskolor,Försvarshögskolan: Forskning och utbildning på forskarnivå,"9,295"
Utbildning och universitetsforskning,Universitet och högskolor,Enskilda utbildningsanordnare på högskoleområdet,"2,918,272"
Utbildning och universitetsforskning,Universitet och högskolor,Särskilda utgifter inom universitet och högskolor,"890,511"
Utbildning och universitetsforskning,Universitet och högskolor,Särskilda medel till universitet och högskolor,"800,380"
Utbildning och universitetsforskning,Universitet och högskolor,Ersättningar för klinisk utbildning och forskning,"2,397,080"
Utbildning och universitetsforskning,Forskning,,"7,648,785"
Utbildning och universitetsforskning,Forskning,Vetenskapsrådet: Forskning och forskningsinformation,"5,622,028"
Utbildning och universitetsforskning,Forskning,Vetenskapsrådet: Avgifter till internationella organisationer,"280,061"
Utbildning och universitetsforskning,Forskning,Vetenskapsrådet: Förvaltning,"134,403"
Utbildning och universitetsforskning,Forskning,Rymdforskning och rymdverksamhet,"349,950"
Utbildning och universitetsforskning,Forskning,Rymdstyrelsen: Förvaltning,"26,780"
Utbildning och universitetsforskning,Forskning,Rymdstyrelsen: Avgifter till internationella organisationer,"551,309"
Utbildning och universitetsforskning,Forskning,Institutet för rymdfysik,"51,410"
Utbildning och universitetsforskning,Forskning,Kungl. biblioteket,"347,962"
Utbildning och universitetsforskning,Forskning,Polarforskningssekretariatet,"38,765"
Utbildning och universitetsforskning,Forskning,Sunet,"43,742"
Utbildning och universitetsforskning,Forskning,Centrala etikprövningsnämnden,"9,234"
Utbildning och universitetsforskning,Forskning,Regionala etikprövningsnämnder,"40,569"
Utbildning och universitetsforskning,Forskning,Särskilda utgifter för forskningsändamål,"152,572"
Utbildning och universitetsforskning,Vissa gemensamma ändamål,,"129,994"
Utbildning och universitetsforskning,Vissa gemensamma ändamål,Internationella program,"81,589"
Utbildning och universitetsforskning,Vissa gemensamma ändamål,Avgift till Unesco och ICCROM,"30,886"
Utbildning och universitetsforskning,Vissa gemensamma ändamål,Kostnader för Svenska Unescorådet,"9,181"
Utbildning och universitetsforskning,Vissa gemensamma ändamål,Utvecklingsarbete inom områdena utbildning och forskning,"8,338"
"Kultur, medier, trossamfund och fritid",,,"13,150,941"
"Kultur, medier, trossamfund och fritid",Kulturområdesövergripande verksamhet,,"1,980,859"
"Kultur, medier, trossamfund och fritid",Kulturområdesövergripande verksamhet,Statens kulturråd,"42,559"
"Kultur, medier, trossamfund och fritid",Kulturområdesövergripande verksamhet,"Bidrag till allmän kulturverksamhet, utveckling samt internationellt kulturutbyte och samarbete","382,488"
"Kultur, medier, trossamfund och fritid",Kulturområdesövergripande verksamhet,Skapande skola,"198,571"
"Kultur, medier, trossamfund och fritid",Kulturområdesövergripande verksamhet,Forsknings- och utvecklingsinsatser inom kulturområdet,"37,979"
"Kultur, medier, trossamfund och fritid",Kulturområdesövergripande verksamhet,Stöd till icke-statliga kulturlokaler,"9,875"
"Kultur, medier, trossamfund och fritid",Kulturområdesövergripande verksamhet,Bidrag till regional kulturverksamhet,"1,293,948"
"Kultur, medier, trossamfund och fritid",Kulturområdesövergripande verksamhet,Myndigheten för kulturanalys,"15,439"
"Kultur, medier, trossamfund och fritid","Teater, dans och musik",,"1,285,240"
"Kultur, medier, trossamfund och fritid","Teater, dans och musik","Bidrag till Operan, Dramaten, Riksteatern, Dansens Hus, Drottningholms slottsteater och Voksenåsen","983,660"
"Kultur, medier, trossamfund och fritid","Teater, dans och musik","Bidrag till vissa teater-, dans- och musikändamål","191,064"
"Kultur, medier, trossamfund och fritid","Teater, dans och musik",Statens musikverk,"110,516"
"Kultur, medier, trossamfund och fritid","Litteraturen, läsandet och språket",,"304,242"
"Kultur, medier, trossamfund och fritid","Litteraturen, läsandet och språket",Bidrag till litteratur och kulturtidskrifter,"138,060"
"Kultur, medier, trossamfund och fritid","Litteraturen, läsandet och språket",Myndigheten för tillgängliga medier,"108,189"
"Kultur, medier, trossamfund och fritid","Litteraturen, läsandet och språket",Institutet för språk och folkminnen,"57,993"
"Kultur, medier, trossamfund och fritid","Bildkonst, arkitektur, form och design",,"80,753"
"Kultur, medier, trossamfund och fritid","Bildkonst, arkitektur, form och design",Statens konstråd,"8,130"
"Kultur, medier, trossamfund och fritid","Bildkonst, arkitektur, form och design",Konstnärlig gestaltning av den gemensamma miljön,"33,025"
"Kultur, medier, trossamfund och fritid","Bildkonst, arkitektur, form och design",Nämnden för hemslöjdsfrågor,"11,463"
"Kultur, medier, trossamfund och fritid","Bildkonst, arkitektur, form och design",Bidrag till bild- och formområdet,"28,135"
"Kultur, medier, trossamfund och fritid",Kulturskaparnas villkor,,"364,472"
"Kultur, medier, trossamfund och fritid",Kulturskaparnas villkor,Konstnärsnämnden,"18,871"
"Kultur, medier, trossamfund och fritid",Kulturskaparnas villkor,Ersättningar och bidrag till konstnärer,"345,601"
"Kultur, medier, trossamfund och fritid",Arkiv,,"370,001"
"Kultur, medier, trossamfund och fritid",Arkiv,Riksarkivet,"370,001"
"Kultur, medier, trossamfund och fritid",Kulturmiljö,,"926,955"
"Kultur, medier, trossamfund och fritid",Kulturmiljö,Riksantikvarieämbetet,"215,822"
"Kultur, medier, trossamfund och fritid",Kulturmiljö,Bidrag till kulturmiljövård,"251,133"
"Kultur, medier, trossamfund och fritid",Kulturmiljö,Kyrkoantikvarisk ersättning,"460,000"
"Kultur, medier, trossamfund och fritid",Museer och utställningar,,"1,483,208"
"Kultur, medier, trossamfund och fritid",Museer och utställningar,Centrala museer: Myndigheter,"1,090,957"
"Kultur, medier, trossamfund och fritid",Museer och utställningar,Centrala museer: Stiftelser,"245,877"
"Kultur, medier, trossamfund och fritid",Museer och utställningar,Bidrag till vissa museer,"48,617"
"Kultur, medier, trossamfund och fritid",Museer och utställningar,Riksutställningar,"43,261"
"Kultur, medier, trossamfund och fritid",Museer och utställningar,Forum för levande historia,"54,416"
"Kultur, medier, trossamfund och fritid",Museer och utställningar,Statliga utställningsgarantier och inköp av vissa kulturföremål,80
"Kultur, medier, trossamfund och fritid",Trossamfund,,"79,334"
"Kultur, medier, trossamfund och fritid",Trossamfund,Nämnden för statligt stöd till trossamfund,"8,242"
"Kultur, medier, trossamfund och fritid",Trossamfund,Stöd till trossamfund,"71,092"
"Kultur, medier, trossamfund och fritid",Film,,"309,644"
"Kultur, medier, trossamfund och fritid",Film,Filmstöd,"309,644"
"Kultur, medier, trossamfund och fritid",Medier,,"101,962"
"Kultur, medier, trossamfund och fritid",Medier,Utbyte av TV-sändningar mellan Sverige och Finland,"21,774"
"Kultur, medier, trossamfund och fritid",Medier,Forskning och dokumentation om medieutvecklingen,"2,648"
"Kultur, medier, trossamfund och fritid",Medier,Avgift till europeiska audiovisuella observatoriet,383
"Kultur, medier, trossamfund och fritid",Medier,Statens medieråd,"17,101"
"Kultur, medier, trossamfund och fritid",Medier,Stöd till taltidningar,"60,056"
"Kultur, medier, trossamfund och fritid",Ungdomspolitik,,"293,776"
"Kultur, medier, trossamfund och fritid",Ungdomspolitik,Myndigheten för ungdoms- och civilsamhällesfrågor,"33,336"
"Kultur, medier, trossamfund och fritid",Ungdomspolitik,Bidrag till nationell och internationell ungdomsverksamhet,"260,440"
"Kultur, medier, trossamfund och fritid",Politik för det civila samhället,,"1,833,621"
"Kultur, medier, trossamfund och fritid",Politik för det civila samhället,Stöd till idrotten,"1,705,751"
"Kultur, medier, trossamfund och fritid",Politik för det civila samhället,Bidrag till allmänna samlingslokaler,"32,164"
"Kultur, medier, trossamfund och fritid",Politik för det civila samhället,Bidrag för kvinnors organisering,"28,163"
"Kultur, medier, trossamfund och fritid",Politik för det civila samhället,Stöd till friluftsorganisationer,"27,785"
"Kultur, medier, trossamfund och fritid",Politik för det civila samhället,Bidrag till riksdagspartiers kvinnoorganisationer,"15,000"
"Kultur, medier, trossamfund och fritid",Politik för det civila samhället,Insatser för den ideella sektorn,"24,758"
"Kultur, medier, trossamfund och fritid",Folkbildning,,"3,688,201"
"Kultur, medier, trossamfund och fritid",Folkbildning,Bidrag till folkbildningen,"3,671,432"
"Kultur, medier, trossamfund och fritid",Folkbildning,Bidrag till kontakttolkutbildning,"16,769"
"Kultur, medier, trossamfund och fritid",Tillsyn över spelmarknaden,,"48,673"
"Kultur, medier, trossamfund och fritid",Tillsyn över spelmarknaden,Lotteriinspektionen,"48,673"
"Samhällsplanering, bostadsförsörjning och byggande samt konsumentpolitik",,,"1,508,973"
"Samhällsplanering, bostadsförsörjning och byggande samt konsumentpolitik","Samhällsplanering, bostadsmarknad, byggande och lantmäteriverksamhet",,"1,291,704"
"Samhällsplanering, bostadsförsörjning och byggande samt konsumentpolitik","Samhällsplanering, bostadsmarknad, byggande och lantmäteriverksamhet",Bostadspolitisk utveckling,"17,000"
"Samhällsplanering, bostadsförsörjning och byggande samt konsumentpolitik","Samhällsplanering, bostadsmarknad, byggande och lantmäteriverksamhet",Omstrukturering av kommunala bostadsföretag,"99,500"
"Samhällsplanering, bostadsförsörjning och byggande samt konsumentpolitik","Samhällsplanering, bostadsmarknad, byggande och lantmäteriverksamhet",Stöd för att underlätta för enskilda att ordna bostad,"43,000"
"Samhällsplanering, bostadsförsörjning och byggande samt konsumentpolitik","Samhällsplanering, bostadsmarknad, byggande och lantmäteriverksamhet",Innovativt byggande,"20,000"
"Samhällsplanering, bostadsförsörjning och byggande samt konsumentpolitik","Samhällsplanering, bostadsmarknad, byggande och lantmäteriverksamhet",Boverket,"224,948"
"Samhällsplanering, bostadsförsörjning och byggande samt konsumentpolitik","Samhällsplanering, bostadsmarknad, byggande och lantmäteriverksamhet",Bidrag till åtgärder mot radon i bostäder,"12,000"
"Samhällsplanering, bostadsförsörjning och byggande samt konsumentpolitik","Samhällsplanering, bostadsmarknad, byggande och lantmäteriverksamhet",Statens geotekniska institut,"44,532"
"Samhällsplanering, bostadsförsörjning och byggande samt konsumentpolitik","Samhällsplanering, bostadsmarknad, byggande och lantmäteriverksamhet",Lantmäteriet,"503,699"
"Samhällsplanering, bostadsförsörjning och byggande samt konsumentpolitik","Samhällsplanering, bostadsmarknad, byggande och lantmäteriverksamhet",Statens va-nämnd,"9,025"
"Samhällsplanering, bostadsförsörjning och byggande samt konsumentpolitik","Samhällsplanering, bostadsmarknad, byggande och lantmäteriverksamhet",Stöd gällande utveckling i strandnära lägen,"2,000"
"Samhällsplanering, bostadsförsörjning och byggande samt konsumentpolitik","Samhällsplanering, bostadsmarknad, byggande och lantmäteriverksamhet",Utvecklingsprojekt för jämställda offentliga rum,"16,000"
"Samhällsplanering, bostadsförsörjning och byggande samt konsumentpolitik","Samhällsplanering, bostadsmarknad, byggande och lantmäteriverksamhet",Energieffektivisering av vissa bostäder,"200,000"
"Samhällsplanering, bostadsförsörjning och byggande samt konsumentpolitik","Samhällsplanering, bostadsmarknad, byggande och lantmäteriverksamhet",Upprustning av skollokaler,"100,000"
"Samhällsplanering, bostadsförsörjning och byggande samt konsumentpolitik",Konsumentpolitik,,"217,269"
"Samhällsplanering, bostadsförsörjning och byggande samt konsumentpolitik",Konsumentpolitik,Marknadsdomstolen,"10,979"
"Samhällsplanering, bostadsförsörjning och byggande samt konsumentpolitik",Konsumentpolitik,Konsumentverket,"135,208"
"Samhällsplanering, bostadsförsörjning och byggande samt konsumentpolitik",Konsumentpolitik,Allmänna reklamationsnämnden,"35,524"
"Samhällsplanering, bostadsförsörjning och byggande samt konsumentpolitik",Konsumentpolitik,Fastighetsmäklarinspektionen,"16,725"
"Samhällsplanering, bostadsförsörjning och byggande samt konsumentpolitik",Konsumentpolitik,Åtgärder på konsumentområdet,"15,459"
"Samhällsplanering, bostadsförsörjning och byggande samt konsumentpolitik",Konsumentpolitik,Bidrag till miljömärkning av produkter,"3,374"
Regional tillväxt,,,"2,700,801"
Regional tillväxt,,Regionala tillväxtåtgärder,"1,469,637"
Regional tillväxt,,Transportbidrag,"400,864"
Regional tillväxt,,Europeiska regionala utvecklingsfonden perioden 2007-2013,"589,300"
Regional tillväxt,,Europeiska regionala utvecklingsfonden perioden 2014-2020,"241,000"
Allmän miljö- och naturvård,,,"6,881,418"
Allmän miljö- och naturvård,Miljöpolitik,,"6,186,042"
Allmän miljö- och naturvård,Miljöpolitik,Naturvårdsverket,"413,559"
Allmän miljö- och naturvård,Miljöpolitik,Miljöövervakning m.m.,"356,214"
Allmän miljö- och naturvård,Miljöpolitik,Åtgärder för värdefull natur,"999,535"
Allmän miljö- och naturvård,Miljöpolitik,Sanering och återställning av förorenade områden,"603,018"
Allmän miljö- och naturvård,Miljöpolitik,Miljöforskning,"75,990"
Allmän miljö- och naturvård,Miljöpolitik,Kemikalieinspektionen,"209,052"
Allmän miljö- och naturvård,Miljöpolitik,Avgifter till Internationella organisationer,"183,131"
Allmän miljö- och naturvård,Miljöpolitik,Supermiljöbilspremie,"100,000"
Allmän miljö- och naturvård,Miljöpolitik,Sveriges meteorologiska och hydrologiska institut,"219,104"
Allmän miljö- och naturvård,Miljöpolitik,Klimatanpassning,"165,000"
Allmän miljö- och naturvård,Miljöpolitik,Inspire,"20,000"
Allmän miljö- och naturvård,Miljöpolitik,Åtgärder för havs- och vattenmiljö,"741,565"
Allmän miljö- och naturvård,Miljöpolitik,Insatser för internationella klimatinvesteringar,"183,000"
Allmän miljö- och naturvård,Miljöpolitik,Internationellt miljösamarbete,"33,900"
Allmän miljö- och naturvård,Miljöpolitik,Hållbara städer,"80,000"
Allmän miljö- och naturvård,Miljöpolitik,Skydd av värdefull natur,"1,375,000"
Allmän miljö- och naturvård,Miljöpolitik,Havs- och vattenmyndigheten,"227,974"
Allmän miljö- och naturvård,Miljöpolitik,Klimatinvesteringar i kommuner och regioner,"200,000"
Allmän miljö- och naturvård,Miljöforskning,,"695,376"
Allmän miljö- och naturvård,Miljöforskning,"Forskningsrådet för miljö, areella näringar och samhällsbyggande: Förvaltningskostnader","55,513"
Allmän miljö- och naturvård,Miljöforskning,"Forskningsrådet för miljö, areella näringar och samhällsbyggande: Forskning","639,863"
Energi,Miljöforskning,,"2,495,609"
Energi,Miljöforskning,Statens energimyndighet,"250,028"
Energi,Miljöforskning,Insatser för energieffektivisering,"248,000"
Energi,Miljöforskning,Stöd för marknadsintroduktion av vindkraft,"10,000"
Energi,Miljöforskning,Energiforskning,"1,212,536"
Energi,Miljöforskning,Ersättning för vissa kostnader vid avveckling av Barsebäcksverket,"138,600"
Energi,Miljöforskning,Planeringsstöd för vindkraft,"15,000"
Energi,Miljöforskning,Energimarknadsinspektionen,"105,117"
Energi,Miljöforskning,Energiteknik,"240,000"
Energi,Miljöforskning,Elberedskap,"255,000"
Energi,Miljöforskning,Avgifter till internationella organisationer,"21,328"
Kommunikationer,,,"50,078,203"
Kommunikationer,Transportpolitik,,"49,683,530"
Kommunikationer,Transportpolitik,Utveckling av statens transportinfrastruktur,"21,718,542"
Kommunikationer,Transportpolitik,Vidmakthållande av statens transportinfrastruktur,"20,821,798"
Kommunikationer,Transportpolitik,Trafikverket,"1,283,636"
Kommunikationer,Transportpolitik,Ersättning för sjöräddning och fritidsbåtsändamål,"388,308"
Kommunikationer,Transportpolitik,Ersättning för viss kanal- och slussinfrastruktur,"162,284"
Kommunikationer,Transportpolitik,Driftbidrag till icke statliga flygplatser,"80,013"
Kommunikationer,Transportpolitik,Trafikavtal,"831,000"
Kommunikationer,Transportpolitik,Viss internationell verksamhet,"25,155"
Kommunikationer,Transportpolitik,Statens väg- och transportforskningsinstitut,"46,525"
Kommunikationer,Transportpolitik,Från EU-budgeten finansierade stöd till Transeuropeiska nätverk,"348,500"
Kommunikationer,Transportpolitik,Trängselskatt i Stockholm,"1,005,058"
Kommunikationer,Transportpolitik,Transportstyrelsen,"2,020,897"
Kommunikationer,Transportpolitik,Trafikanalys,"62,851"
Kommunikationer,Transportpolitik,Trängselskatt i Göteborg,"888,963"
Kommunikationer,Politiken för informationssamhället,,"394,673"
Kommunikationer,Politiken för informationssamhället,Post- och telestyrelsen,"27,487"
Kommunikationer,Politiken för informationssamhället,Ersättning för särskilda tjänster till funktionshindrade,"138,278"
Kommunikationer,Politiken för informationssamhället,Grundläggande betaltjänster,"37,000"
Kommunikationer,Politiken för informationssamhället,Informationsteknik och telekommunikation,"23,844"
Kommunikationer,Politiken för informationssamhället,Driftsäker och tillgänglig elektronisk kommunikation,"120,014"
Kommunikationer,Politiken för informationssamhället,Gemensamma e-förvaltningsprojekt av strategisk betydelse,"48,050"
"Areella näringar, landsbygd och livsmedel",,,"15,787,422"
"Areella näringar, landsbygd och livsmedel",,Skogsstyrelsen,"406,278"
"Areella näringar, landsbygd och livsmedel",,Insatser för skogsbruket,"366,373"
"Areella näringar, landsbygd och livsmedel",,Statens veterinärmedicinska anstalt,"115,921"
"Areella näringar, landsbygd och livsmedel",,Bidrag till veterinär fältverksamhet,"107,074"
"Areella näringar, landsbygd och livsmedel",,Djurhälsovård och djurskyddsfrämjande åtgärder,"13,433"
"Areella näringar, landsbygd och livsmedel",,Bekämpande av smittsamma husdjurssjukdomar,"124,349"
"Areella näringar, landsbygd och livsmedel",,Ersättningar för viltskador m.m.,"57,778"
"Areella näringar, landsbygd och livsmedel",,Statens jordbruksverk,"519,086"
"Areella näringar, landsbygd och livsmedel",,Bekämpande av växtskadegörare,"5,000"
"Areella näringar, landsbygd och livsmedel",,Gårdsstöd m.m.,"6,097,400"
"Areella näringar, landsbygd och livsmedel",,Intervention för jordbruksprodukter m.m.,"129,000"
"Areella näringar, landsbygd och livsmedel",,Finansiella korrigeringar m.m.,"75,472"
"Areella näringar, landsbygd och livsmedel",,Strukturstöd till fisket m.m.,"46,105"
"Areella näringar, landsbygd och livsmedel",,Från EU-budgeten finansierade strukturstöd till fisket m.m.,"143,051"
"Areella näringar, landsbygd och livsmedel",,Livsmedelsverket,"303,139"
"Areella näringar, landsbygd och livsmedel",,Konkurrenskraftig livsmedelssektor,"15,160"
"Areella näringar, landsbygd och livsmedel",,Bidrag till vissa internationella organisationer m.m.,"42,913"
"Areella näringar, landsbygd och livsmedel",,Åtgärder för landsbygdens miljö och struktur,"2,740,505"
"Areella näringar, landsbygd och livsmedel",,Från EU-budgeten finansierade åtgärder för landsbygdens miljö och struktur,"2,083,785"
"Areella näringar, landsbygd och livsmedel",,Miljöförbättrande åtgärder i jordbruket,"37,830"
"Areella näringar, landsbygd och livsmedel",,Stöd till jordbrukets rationalisering m.m.,"4,116"
"Areella näringar, landsbygd och livsmedel",,Stöd till innehavare av fjällägenheter m.m.,"1,029"
"Areella näringar, landsbygd och livsmedel",,Främjande av rennäringen m.m.,"107,915"
"Areella näringar, landsbygd och livsmedel",,Sveriges lantbruksuniversitet,"1,727,833"
"Areella näringar, landsbygd och livsmedel",,"Forskningsrådet för miljö, areella näringar och samhällsbyggande: Forskning och samfinansierad forskning","515,700"
"Areella näringar, landsbygd och livsmedel",,Bidrag till Skogs- och lantbruksakademien,"1,177"
Näringsliv,,,"5,366,162"
Näringsliv,Näringspolitik,,"4,905,853"
Näringsliv,Näringspolitik,Verket för innovationssystem,"220,176"
Näringsliv,Näringspolitik,Verket för innovationssystem: Forskning och utveckling,"2,418,966"
Näringsliv,Näringspolitik,Institutens strategiska kompetensmedel,"615,907"
Näringsliv,Näringspolitik,Tillväxtverket,"268,960"
Näringsliv,Näringspolitik,Näringslivsutveckling,"316,772"
Näringsliv,Näringspolitik,Myndigheten för tillväxtpolitiska utvärderingar och analyser,"81,503"
Näringsliv,Näringspolitik,Turistfrämjande,"109,824"
Näringsliv,Näringspolitik,Sveriges geologiska undersökning,"224,428"
Näringsliv,Näringspolitik,Geovetenskaplig forskning,"5,806"
Näringsliv,Näringspolitik,Miljösäkring av oljelagringsanläggningar,"14,000"
Näringsliv,Näringspolitik,Patentbesvärsrätten,"19,238"
Näringsliv,Näringspolitik,Bolagsverket,"24,842"
Näringsliv,Näringspolitik,Bidrag till terminologisk verksamhet,"4,288"
Näringsliv,Näringspolitik,Bidrag till Ingenjörsvetenskapsakademien,"8,327"
Näringsliv,Näringspolitik,Konkurrensverket,"215,192"
Näringsliv,Näringspolitik,Konkurrensforskning,"13,657"
Näringsliv,Näringspolitik,Upprustning och drift av Göta kanal,"25,210"
Näringsliv,Näringspolitik,Omstrukturering och genomlysning av statligt ägda företag,"22,200"
Näringsliv,Näringspolitik,Kapitalinsatser i statliga bolag,"1,000"
Näringsliv,Näringspolitik,Avgifter till vissa internationella organisationer,"17,780"
Näringsliv,Näringspolitik,Finansiering av rättegångskostnader,"18,000"
Näringsliv,Näringspolitik,Bidrag till företagsutveckling och innovation,"259,777"
Näringsliv,"Utrikeshandel, handels- och investeringsfrämjande",,"460,309"
Näringsliv,"Utrikeshandel, handels- och investeringsfrämjande",Styrelsen för ackreditering och teknisk kontroll: Myndighetsverksamhet,"23,885"
Näringsliv,"Utrikeshandel, handels- och investeringsfrämjande",Kommerskollegium,"83,553"
Näringsliv,"Utrikeshandel, handels- och investeringsfrämjande",Exportfrämjande verksamhet,"243,889"
Näringsliv,"Utrikeshandel, handels- och investeringsfrämjande",Investeringsfrämjande,"57,410"
Näringsliv,"Utrikeshandel, handels- och investeringsfrämjande",Avgifter till internationella handelsorganisationer,"20,517"
Näringsliv,"Utrikeshandel, handels- och investeringsfrämjande",Bidrag till standardiseringen,"31,055"
Allmänna bidrag till kommuner,,,"94,490,852"
Allmänna bidrag till kommuner,,Kommunalekonomisk utjämning,"90,772,537"
Allmänna bidrag till kommuner,,Utjämningsbidrag för LSS-kostnader,"3,712,965"
Allmänna bidrag till kommuner,,Bidrag till kommunalekonomiska organisationer,"5,350"
Statsskuldsräntor m.m.,,,"20,526,200"
Statsskuldsräntor m.m.,,Räntor på statsskulden,"20,371,000"
Statsskuldsräntor m.m.,,Oförutsedda utgifter,"10,000"
Statsskuldsräntor m.m.,,Riksgäldskontorets provisionsutgifter,"145,200"
Avgiften till Europeiska unionen,,,"40,126,178"
Avgiften till Europeiska unionen,,Avgiften till Europeiska unionen,"40,126,178"